alcohol,malic_acid,ash,alcalinity_of_ash,magnesium,total_phenols,flavanoids,nonflavanoid_phenols,proanthocyanins,color_intensity,hue,od280/od315_of_diluted_wines,proline
0.032226201654504294,-0.08184817196849892,0.11028844371133184,-1.5645682323979564,-0.21052559993924547,-0.23876791589703483,0.0834541254313339,-0.0037578029360468,0.06577945298060905,0.34174021411799504,-0.0003710171314802446,0.14891499509572226,-129.87545558015927
