alcohol,malic_acid,ash,alcalinity_of_ash,magnesium,total_phenols,flavanoids,nonflavanoid_phenols,proanthocyanins,color_intensity,hue,od280/od315_of_diluted_wines,proline
13.607773798345496,3.181848171968499,2.449711556288668,16.764568232397956,116.21052559993925,2.938767915897035,2.946545874568666,0.1737578029360468,1.5942205470193909,4.758259785882005,0.9603710171314802,3.2110850049042776,974.8754555801593
