input_source,row_id,PC1,PC2,PC3,PC4,PC5,PC6,PC7,PC8,PC9,PC10
external_csv,0,2.067843469190917,1.0281826493275328,-0.11575273677714813,0.03249898065647856,0.734970121578264,1.5503237661848244,-0.34971714058165293,-0.33186416739467234,-0.2682211822210578,-0.1515341017781325
