neighbor_rank,training_index,distance
1,111,3.1007749025124873
2,271,3.6299944367932526
3,107,3.7240193826912473
4,413,3.814049918574208
5,79,3.896696035974781
6,448,3.9139437593784816
7,200,3.9866948762640053
