{
    "accuracy": 0.9736842105263158,
    "balanced_accuracy": 0.9742063492063492,
    "precision_benign": 0.9859154929577465,
    "recall_benign": 0.9722222222222222,
    "f1_benign": 0.9790209790209791,
    "precision_malignant": 0.9534883720930233,
    "recall_malignant": 0.9761904761904762,
    "f1_malignant": 0.9647058823529412,
    "roc_auc": 0.9947089947089947
}