{
    "evaluated_user_count": 12,
    "catalogue_item_count": 30,
    "precision_at_3": 0.1111111111111111,
    "recall_at_3": 0.3333333333333333,
    "hit_rate_at_3": 0.3333333333333333,
    "catalogue_coverage_at_3": 0.7,
    "precision_at_5": 0.11666666666666665,
    "recall_at_5": 0.5833333333333334,
    "hit_rate_at_5": 0.5833333333333334,
    "catalogue_coverage_at_5": 0.7666666666666667,
    "precision_at_10": 0.075,
    "recall_at_10": 0.75,
    "hit_rate_at_10": 0.75,
    "catalogue_coverage_at_10": 0.9666666666666667,
    "mean_reciprocal_rank": 0.2801092023918111,
    "mean_intra_list_diversity_at_10": 0.9752555700715922
}