lag,lb_stat,lb_pvalue
6,165.42645156780128,4.194909424941501e-33
12,165.4486266413976,4.064416695290329e-29
18,165.45292065297008,7.104862240590419e-26
24,165.4669554202671,4.2044176245751615e-23
