{
    "count": 502,
    "mean": 0.4263239417933856,
    "standard_deviation": 18.00058240759862,
    "minimum": -242.4556542679125,
    "median": 0.11258643662995382,
    "maximum": 316.1
}