lag,lb_stat,lb_pvalue
6,10.185287477607664,0.11706291332265091
12,14.046040941928085,0.29777785240049326
18,17.937597839824925,0.4597705905164128
24,24.764110786348542,0.41866863078421834
