{
    "count": 502,
    "mean": 0.016365980493921857,
    "standard_deviation": 0.29228675964844625,
    "minimum": -1.1129695362665757,
    "median": 0.022032211513050015,
    "maximum": 1.233892741513614
}