{
    "smoothing_level": 0.6775792695006746,
    "smoothing_trend": 0.008856522247470187,
    "smoothing_seasonal": 0.0,
    "damping_trend": NaN,
    "initial_level": 315.41632782846807,
    "initial_trend": 0.08229728304802793,
    "initial_seasons": [
        1.0018127897938987,
        1.0050377241556911,
        1.0062360144012708,
        1.004281036995606,
        0.9997903775934585,
        0.9937966452610999,
        0.9886363271322631,
        0.9883475252662751,
        0.9915774248878813,
        0.9949105177377696,
        0.9975725623912065,
        0.9994870949473637
    ],
    "use_boxcox": false,
    "lamda": null,
    "remove_bias": false
}