{
    "prophet_mae": 0.2210121773624015,
    "prophet_mse": 0.07104095222869067,
    "prophet_rmse": 0.26653508629951644,
    "prophet_mape_percent": 0.05971597400629396,
    "prophet_smape_percent": 0.05970919987443717,
    "prophet_mase": 0.20991052238920266,
    "naive_mae": 2.420208333333347,
    "naive_mse": 8.57983020833342,
    "naive_rmse": 2.929134720072366,
    "mae_improvement_over_naive_percent": 90.86805155083479,
    "rmse_improvement_over_naive_percent": 90.90055215033156,
    "forecast_interval_coverage": 1.0
}