{
    "count": 24,
    "mean": -0.04104482539285451,
    "standard_deviation": 0.26902000805595966,
    "minimum": -0.4910906359369278,
    "median": -0.018134237531739927,
    "maximum": 0.4845003037227684
}