{
    "accuracy": 0.9210526315789473,
    "precision": 0.9436619718309859,
    "recall": 0.9305555555555556,
    "f1_score": 0.9370629370629371,
    "roc_auc": 0.9368386243386244
}