{
    "accuracy": 0.9824561403508771,
    "precision": 0.9861111111111112,
    "recall": 0.9861111111111112,
    "f1_score": 0.9861111111111112,
    "roc_auc": 0.9953703703703703
}